,ID,Age,NOC,Games,EventID
1,1,24,CHN,1992 Summer,60
2,2,23,CHN,2012 Summer,159
3,5,21,NED,1988 Winter,220
4,5,21,NED,1988 Winter,218
5,5,25,NED,1992 Winter,220
6,5,25,NED,1992 Winter,218
7,5,27,NED,1994 Winter,220
8,5,27,NED,1994 Winter,218
9,6,31,USA,1992 Winter,92
10,6,31,USA,1992 Winter,97
11,6,31,USA,1992 Winter,93
12,6,31,USA,1992 Winter,96
13,6,33,USA,1994 Winter,92
14,6,33,USA,1994 Winter,95
15,6,33,USA,1994 Winter,93
16,6,33,USA,1994 Winter,96
17,7,31,USA,1992 Winter,92
18,7,31,USA,1992 Winter,97
19,7,31,USA,1992 Winter,93
20,7,31,USA,1992 Winter,96
21,7,33,USA,1994 Winter,92
22,7,33,USA,1994 Winter,95
23,7,33,USA,1994 Winter,93
24,7,33,USA,1994 Winter,96
25,9,26,FIN,2002 Winter,157
26,11,22,FIN,1980 Winter,95
27,12,31,FIN,2000 Summer,58
28,13,30,FIN,1996 Summer,198
29,13,34,FIN,2000 Summer,198
30,16,28,FIN,2014 Winter,157
31,17,28,FIN,1948 Summer,143
32,17,28,FIN,1948 Summer,147
33,17,28,FIN,1948 Summer,140
34,17,28,FIN,1948 Summer,142
35,17,28,FIN,1948 Summer,144
36,17,28,FIN,1948 Summer,141
37,17,28,FIN,1948 Summer,146
38,17,28,FIN,1948 Summer,145
39,17,32,FIN,1952 Summer,143
40,17,32,FIN,1952 Summer,147
41,17,32,FIN,1952 Summer,140
42,17,32,FIN,1952 Summer,142
43,17,32,FIN,1952 Summer,144
44,17,32,FIN,1952 Summer,141
45,17,32,FIN,1952 Summer,146
46,17,32,FIN,1952 Summer,145
47,18,31,FIN,2000 Summer,36
48,20,20,NOR,1992 Winter,2
49,20,20,NOR,1992 Winter,5
50,20,20,NOR,1992 Winter,3
51,20,20,NOR,1992 Winter,4
52,20,22,NOR,1994 Winter,2
53,20,22,NOR,1994 Winter,5
54,20,22,NOR,1994 Winter,3
55,20,22,NOR,1994 Winter,4
56,20,22,NOR,1994 Winter,1
57,20,26,NOR,1998 Winter,2
58,20,26,NOR,1998 Winter,5
59,20,26,NOR,1998 Winter,3
60,20,26,NOR,1998 Winter,1
61,20,30,NOR,2002 Winter,2
62,20,30,NOR,2002 Winter,5
63,20,30,NOR,2002 Winter,3
64,20,30,NOR,2002 Winter,4
65,20,30,NOR,2002 Winter,1
66,20,34,NOR,2006 Winter,2
67,20,34,NOR,2006 Winter,5
68,22,22,ROU,2016 Summer,276
69,23,22,NOR,2000 Summer,286
70,23,26,NOR,2004 Summer,286
71,30,26,NED,1996 Summer,182
72,30,30,NED,2000 Summer,182
73,33,24,FIN,1992 Summer,193
74,33,28,FIN,1996 Summer,193
75,35,24,NOR,1998 Winter,68
76,36,21,NED,1996 Summer,223
77,36,21,NED,1996 Summer,226
78,36,21,NED,1996 Summer,230
79,36,25,NED,2000 Summer,223
80,36,25,NED,2000 Summer,226
81,37,23,NOR,1996 Summer,135
82,43,34,NOR,1992 Summer,120
83,44,25,EST,1998 Winter,95
84,44,25,EST,1998 Winter,97
85,44,29,EST,2002 Winter,94
86,44,29,EST,2002 Winter,97
87,44,29,EST,2002 Winter,96
88,46,33,NOR,1936 Summer,202
89,46,45,NOR,1948 Summer,202
90,46,49,NOR,1952 Summer,206
91,46,53,NOR,1956 Summer,206
92,46,57,NOR,1960 Summer,206
93,47,22,NOR,1920 Summer,20
94,47,22,NOR,1920 Summer,33
95,47,26,NOR,1924 Summer,33
96,47,30,NOR,1928 Summer,33
97,49,24,EST,2004 Summer,54
98,49,28,EST,2008 Summer,54
99,50,22,EST,1992 Summer,283
100,50,26,EST,1996 Summer,283
101,51,23,ESP,2016 Summer,143
102,51,23,ESP,2016 Summer,140
103,51,23,ESP,2016 Summer,144
104,51,23,ESP,2016 Summer,141
105,51,23,ESP,2016 Summer,146
106,51,23,ESP,2016 Summer,145
107,52,22,FRA,1976 Summer,35
108,53,24,EGY,2000 Summer,252
109,55,26,ESP,2016 Summer,24
110,57,24,BUL,1988 Summer,77
111,59,24,BUL,1956 Summer,268
112,59,28,BUL,1960 Summer,270
113,60,24,BUL,1960 Summer,270
114,61,26,BUL,1960 Summer,134
115,62,21,ITA,2016 Summer,180
116,63,30,ESP,2008 Summer,127
117,65,21,AZE,2016 Summer,255
118,68,23,ARG,2000 Summer,223
119,68,23,ARG,2000 Summer,230
120,69,19,ESP,2008 Summer,61
121,70,26,CUB,2000 Summer,113
122,71,27,CUB,1992 Summer,84
123,71,27,CUB,1992 Summer,83
124,72,24,BLR,2004 Summer,87
125,72,28,BLR,2008 Summer,87
126,73,23,FRA,2008 Summer,154
127,73,27,FRA,2012 Summer,154
128,73,31,FRA,2016 Summer,154
129,74,30,ARG,2012 Summer,185
130,75,22,GRE,2004 Summer,127
131,76,22,CMR,2000 Summer,134
132,77,27,CMR,1968 Summer,79
133,80,22,ESP,1996 Summer,262
134,81,22,GRE,2004 Summer,134
135,82,26,MEX,2000 Summer,256
136,84,26,USA,2004 Summer,279
137,85,24,ESP,1976 Summer,195
138,85,28,ESP,1980 Summer,195
139,85,32,ESP,1984 Summer,195
140,86,22,ESP,1980 Summer,13
141,86,26,ESP,1984 Summer,13
142,90,21,RUS,2004 Summer,112
143,90,21,RUS,2004 Summer,109
144,91,27,ITA,2012 Summer,16
145,92,21,ITA,2008 Summer,134
146,93,34,FRA,2004 Summer,154
147,93,38,FRA,2008 Summer,154
148,95,35,GRE,2004 Summer,55
149,96,18,NCA,2004 Summer,15
150,97,16,NCA,1976 Summer,31
151,98,30,MEX,1968 Summer,123
152,98,30,MEX,1968 Summer,124
153,98,30,MEX,1968 Summer,126
154,99,30,HUN,1992 Summer,126
155,101,25,NGR,1972 Summer,78
156,105,19,ALG,2012 Summer,81
157,105,23,ALG,2016 Summer,79
158,106,22,ITA,1988 Summer,183
159,106,29,ITA,1996 Summer,181
160,106,34,ITA,2000 Summer,183
161,107,22,ITA,1984 Summer,178
162,107,26,ITA,1988 Summer,178
163,107,30,ITA,1992 Summer,178
164,107,34,ITA,1996 Summer,176
165,108,20,ITA,1980 Summer,178
166,108,25,ITA,1984 Summer,178
167,108,29,ITA,1988 Summer,178
168,108,33,ITA,1992 Summer,178
169,110,20,BRN,2016 Summer,22
170,111,22,PAK,1996 Summer,30
171,112,21,IRQ,1964 Summer,268
172,114,20,KUW,1980 Summer,33
173,115,24,PAK,1992 Summer,23
174,117,22,LIB,1988 Summer,22
175,117,22,LIB,1988 Summer,26
176,118,22,EGY,2000 Summer,106
177,120,26,IRQ,2004 Summer,224
178,121,23,PAK,2010 Winter,3
179,122,28,QAT,2004 Summer,270
180,123,25,PAK,2000 Summer,156
181,123,29,PAK,2004 Summer,156
182,123,37,PAK,2012 Summer,156
183,125,28,MAS,1984 Summer,156
184,126,20,IRI,2014 Winter,8
185,127,20,PAK,2004 Summer,156
186,127,24,PAK,2008 Summer,156
187,127,28,PAK,2012 Summer,156
188,128,28,IRI,2012 Summer,189
189,129,22,AZE,2008 Summer,15
190,130,18,AZE,2008 Summer,234
191,131,33,AZE,2000 Summer,271
192,132,28,ITA,2012 Summer,263
193,134,23,ITA,2000 Summer,134
194,135,23,NED,2016 Summer,155
195,136,29,ITA,2000 Summer,60
196,137,15,ITA,1964 Winter,131
197,137,19,ITA,1968 Winter,131
198,138,24,IRQ,2016 Summer,266
199,141,30,IRL,2016 Summer,121
200,141,30,IRL,2016 Summer,122
201,144,23,RSA,2008 Summer,156
202,145,24,USA,2010 Winter,131
203,145,28,USA,2014 Winter,131
204,145,28,USA,2014 Winter,133
205,146,19,CAN,1976 Summer,83
206,147,41,CAN,1996 Summer,194
207,149,30,USA,2016 Summer,111
208,152,34,CAN,2000 Summer,194
209,153,23,USA,2008 Summer,214
210,154,40,MAR,2008 Summer,12
211,160,25,ERI,2008 Summer,24
212,161,28,EGY,2016 Summer,260
213,165,20,USA,2004 Summer,254
214,166,21,TAN,1964 Summer,34
215,166,29,TAN,1972 Summer,21
216,168,23,KUW,1972 Summer,15
217,169,19,JOR,1984 Summer,45
218,170,18,EGY,2016 Summer,115
219,171,25,EGY,2000 Summer,260
220,172,32,EGY,2000 Summer,200
221,177,23,EGY,2000 Summer,106
222,178,23,SUD,1960 Summer,71
223,178,32,SUD,1968 Summer,78
224,180,18,EGY,2000 Summer,244
225,180,22,EGY,2004 Summer,244
226,181,18,EGY,2000 Summer,244
227,184,30,EGY,2004 Summer,262
228,187,32,EGY,1976 Summer,265
229,188,24,EGY,1984 Summer,260
230,196,24,TUN,1976 Summer,154
231,197,28,EGY,1988 Summer,288
232,199,23,EGY,1984 Summer,60
233,199,27,EGY,1988 Summer,60
234,201,25,EGY,2004 Summer,262
235,202,19,EGY,1972 Summer,60
236,202,23,EGY,1976 Summer,60
237,203,23,EGY,2008 Summer,260
238,203,31,EGY,2016 Summer,260
239,204,21,LBA,1996 Summer,22
240,210,27,EGY,1984 Summer,260
241,212,30,EGY,2008 Summer,291
242,213,28,EGY,2008 Summer,201
243,213,36,EGY,2016 Summer,199
244,213,36,EGY,2016 Summer,201
245,215,21,EGY,2004 Summer,128
246,216,26,EGY,2000 Summer,179
247,217,22,EGY,2000 Summer,74
248,218,27,EGY,2000 Summer,80
249,222,22,EGY,1976 Summer,74
250,227,27,EGY,2016 Summer,260
251,228,24,EGY,2016 Summer,78
252,229,26,EGY,2016 Summer,162
253,232,24,EGY,2012 Summer,270
254,232,28,EGY,2016 Summer,270
255,233,17,EGY,2008 Summer,246
256,236,21,EGY,2012 Summer,267
257,236,25,EGY,2016 Summer,269
258,238,36,EGY,2004 Summer,200
259,238,40,EGY,2008 Summer,200
260,239,23,ALG,2016 Summer,134
261,240,19,EGY,2016 Summer,246
262,241,23,EGY,2012 Summer,288
263,242,20,EGY,2016 Summer,159
264,244,22,EGY,2000 Summer,143
265,244,22,EGY,2000 Summer,142
266,244,22,EGY,2000 Summer,144
267,244,22,EGY,2000 Summer,146
268,244,22,EGY,2000 Summer,145
269,246,26,EGY,2016 Summer,260
270,248,19,ALG,1988 Summer,26
271,248,23,ALG,1992 Summer,26
272,249,22,ALG,2008 Summer,261
273,249,26,ALG,2012 Summer,261
274,250,22,IRI,2012 Summer,293
275,250,26,IRI,2016 Summer,290
276,251,27,BEL,2016 Summer,24
277,251,27,BEL,2016 Summer,14
278,252,30,AUS,2008 Summer,19
279,252,34,AUS,2012 Summer,19
280,253,19,QAT,1992 Summer,19
281,253,23,QAT,1996 Summer,19
282,254,21,DJI,1988 Summer,14
283,254,25,DJI,1992 Summer,34
284,257,19,AUS,2000 Summer,293
285,257,23,AUS,2004 Summer,289
286,257,27,AUS,2008 Summer,289
287,259,21,CAN,1984 Summer,235
288,259,21,CAN,1984 Summer,236
289,259,21,CAN,1984 Summer,240
290,261,24,IRI,1976 Summer,134
291,262,26,CMR,2012 Summer,78
292,263,23,COM,1996 Summer,22
293,264,29,CAN,2000 Summer,285
294,266,22,EGY,2004 Summer,169
295,269,27,CMR,2016 Summer,261
296,272,30,KAZ,2016 Summer,78
297,273,17,BRU,2016 Summer,44
298,275,22,KUW,2000 Summer,134
299,276,24,MAS,1996 Summer,156
300,276,28,MAS,2000 Summer,156
301,277,19,EGY,2000 Summer,250
302,277,19,EGY,2000 Summer,249
303,277,27,EGY,2008 Summer,250
304,279,23,BRU,1996 Summer,204
305,279,27,BRU,2000 Summer,204
306,280,19,SUD,2000 Summer,234
307,282,30,IRQ,1960 Summer,266
308,282,34,IRQ,1964 Summer,266
309,283,22,KSA,1984 Summer,134
310,287,20,IRQ,1960 Summer,78
311,289,17,MDV,1988 Summer,34
312,291,26,KSA,1984 Summer,134
313,292,34,IRI,1976 Summer,262
314,293,30,JOR,1984 Summer,205
315,295,29,ETH,1972 Summer,106
316,296,24,MAS,1968 Summer,23
317,297,38,PAK,1960 Summer,156
318,298,23,PAK,1964 Summer,156
319,305,24,KSA,1984 Summer,134
320,310,32,INA,2004 Summer,274
321,315,26,EGY,2012 Summer,130
322,316,26,URS,1972 Summer,279
323,321,27,QAT,2008 Summer,14
324,322,20,EGY,1988 Summer,226
325,331,21,MAS,1996 Summer,228
326,331,21,MAS,1996 Summer,233
327,331,21,MAS,1996 Summer,230
328,331,25,MAS,2000 Summer,233
329,335,28,AZE,2016 Summer,73
330,336,27,AZE,1996 Summer,277
331,336,32,AZE,2000 Summer,279
332,337,22,UZB,1996 Summer,78
333,337,26,UZB,2000 Summer,77
334,338,22,UZB,2012 Summer,291
335,338,26,UZB,2016 Summer,291
336,339,25,AZE,1996 Summer,281
337,339,29,AZE,2000 Summer,277
338,339,33,AZE,2004 Summer,279
339,340,21,AZE,2012 Summer,50
340,341,27,AZE,2008 Summer,290
341,343,16,EGY,2008 Summer,273
342,343,20,EGY,2012 Summer,272
343,349,33,IRQ,2016 Summer,79
344,352,22,UZB,2004 Summer,79
345,353,19,KGZ,2008 Summer,251
346,353,23,KGZ,2012 Summer,253
347,354,26,UZB,2016 Summer,289
348,355,29,TJK,2016 Summer,163
349,356,26,RUS,2016 Summer,78
350,357,26,TJK,2004 Summer,289
351,357,30,TJK,2008 Summer,285
352,357,34,TJK,2012 Summer,285
353,359,26,EUN,1992 Summer,30
354,359,34,UZB,2000 Summer,30
355,360,24,URS,1988 Summer,106
356,360,32,UZB,1996 Summer,106
357,361,18,KGZ,2004 Summer,70
358,362,24,JPN,1936 Summer,30
359,363,24,JPN,1972 Winter,69
360,363,24,JPN,1972 Winter,68
361,363,28,JPN,1976 Winter,69
362,363,28,JPN,1976 Winter,68
363,364,25,JPN,1960 Summer,287
364,365,23,JPN,1992 Summer,123
365,366,25,JPN,1972 Summer,279
366,367,22,JPN,1988 Winter,174
367,367,22,JPN,1988 Winter,172
368,367,26,JPN,1992 Winter,172
369,367,28,JPN,1994 Winter,174
370,367,28,JPN,1994 Winter,172
371,368,23,JPN,1968 Summer,20
372,368,23,JPN,1968 Summer,33
373,370,24,JPN,1972 Summer,60
374,370,28,JPN,1976 Summer,60
375,371,21,JPN,2000 Summer,59
376,371,29,JPN,2008 Summer,59
377,373,21,JPN,1984 Summer,177
378,373,25,JPN,1988 Summer,176
379,373,29,JPN,1992 Summer,176
380,374,28,JPN,1960 Summer,156
381,375,18,JPN,1984 Summer,111
382,376,31,JPN,2000 Summer,106
383,377,22,JPN,2004 Summer,134
384,379,21,ETH,1992 Summer,24
385,379,21,ETH,1992 Summer,14
386,380,22,ETH,1992 Summer,106
387,380,22,ETH,1992 Summer,102
388,381,23,ALG,1988 Summer,72
389,383,27,IRI,2012 Summer,125
390,383,31,IRI,2016 Summer,125
391,386,22,BRA,1972 Summer,260
392,386,26,BRA,1976 Summer,260
393,387,19,ESP,2004 Summer,175
394,388,19,BRA,1972 Summer,134
395,390,20,USA,2008 Summer,246
396,391,23,USA,1924 Winter,157
397,393,19,FRG,1976 Winter,172
398,393,23,FRG,1980 Winter,172
399,394,19,GDR,1972 Summer,151
400,394,19,GDR,1972 Summer,152
401,394,19,GDR,1972 Summer,149
402,394,19,GDR,1972 Summer,150
403,394,19,GDR,1972 Summer,153
404,394,19,GDR,1972 Summer,148
405,395,16,CAN,2008 Summer,116
406,395,20,CAN,2012 Summer,116
407,395,20,CAN,2012 Summer,117
408,395,24,CAN,2016 Summer,116
409,395,24,CAN,2016 Summer,117
410,396,25,GER,2008 Summer,151
411,396,25,GER,2008 Summer,152
412,396,25,GER,2008 Summer,149
413,396,25,GER,2008 Summer,153
414,396,25,GER,2008 Summer,148
415,397,25,ESP,2000 Summer,41
416,397,29,ESP,2004 Summer,55
417,402,22,GER,2008 Summer,27
418,402,30,GER,2016 Summer,27
419,403,18,ISR,1960 Summer,151
420,403,18,ISR,1960 Summer,149
421,403,18,ISR,1960 Summer,150
422,403,18,ISR,1960 Summer,153
423,403,18,ISR,1960 Summer,148
424,405,22,MEX,2016 Summer,134
425,408,37,ESP,1988 Summer,34
426,410,23,CMR,1996 Summer,46
427,411,22,ETH,2000 Summer,34
428,412,24,ETH,2016 Summer,34
429,413,27,ARG,1968 Summer,177
430,413,30,ARG,1972 Summer,176
431,413,34,ARG,1976 Summer,177
432,415,23,SWE,1992 Winter,137
433,416,19,SWE,1912 Summer,33
434,416,19,SWE,1912 Summer,39
435,417,17,SWE,1988 Summer,243
436,419,30,SWE,1948 Summer,52
437,421,23,MAR,2012 Summer,134
438,423,22,USA,2000 Summer,59
439,427,24,ITA,1972 Summer,18
440,428,21,TUR,2004 Summer,40
441,428,21,TUR,2004 Summer,50
442,428,25,TUR,2008 Summer,50
443,428,25,TUR,2008 Summer,41
444,429,30,SRI,2000 Summer,211
445,429,30,SRI,2000 Summer,212
446,430,20,SRI,2016 Summer,224
447,431,24,ARM,2016 Summer,72
448,432,26,CIV,1992 Summer,86
449,432,30,CIV,1996 Summer,89
450,432,42,CIV,2008 Summer,89
451,432,42,CIV,2008 Summer,88
452,433,23,ESP,2008 Summer,58
453,433,27,ESP,2012 Summer,58
454,433,31,ESP,2016 Summer,58
455,434,21,FRA,1984 Summer,203
456,435,19,GDR,1988 Summer,115
457,436,22,TUN,1988 Summer,134
458,439,27,KAZ,2008 Summer,167
459,440,19,JPN,2008 Summer,21
460,441,24,JPN,2012 Summer,56
461,444,27,FRA,2012 Summer,135
462,444,31,FRA,2016 Summer,135
463,445,24,NGR,2012 Summer,46
464,446,35,NGR,2016 Summer,248
465,447,28,BEN,1980 Summer,70
466,447,32,BEN,1984 Summer,70
467,448,22,FRA,1998 Winter,132
468,449,26,RUS,2008 Summer,41
469,450,29,AZE,2004 Summer,74
470,451,21,BRA,2016 Summer,263
471,452,22,UKR,2002 Winter,136
472,452,26,UKR,2006 Winter,136
473,452,30,UKR,2010 Winter,136
474,455,19,RUS,2012 Summer,147
475,455,19,RUS,2012 Summer,140
476,455,19,RUS,2012 Summer,142
477,455,19,RUS,2012 Summer,144
478,455,19,RUS,2012 Summer,141
479,455,19,RUS,2012 Summer,146
480,455,24,RUS,2016 Summer,147
481,455,24,RUS,2016 Summer,140
482,455,24,RUS,2016 Summer,142
483,455,24,RUS,2016 Summer,146
484,456,24,NED,1976 Summer,184
485,457,23,CMR,2016 Summer,261
486,458,20,GHA,1996 Summer,134
487,459,17,NGR,2012 Summer,47
488,460,22,URS,1972 Summer,232
489,460,22,URS,1972 Summer,229
490,460,22,URS,1972 Summer,231
491,460,22,URS,1972 Summer,230
492,461,26,SOM,1972 Summer,26
493,461,26,SOM,1972 Summer,13
494,462,19,LAT,1998 Winter,7
495,463,17,LAT,2014 Winter,9
496,463,17,LAT,2014 Winter,7
497,463,17,LAT,2014 Winter,8
498,464,25,MDV,1988 Summer,20
499,468,27,EGY,2016 Summer,260
500,469,28,LIB,1968 Summer,106
501,469,28,LIB,1968 Summer,107
502,469,28,LIB,1968 Summer,101
503,469,28,LIB,1968 Summer,103
504,469,32,LIB,1972 Summer,106
505,469,32,LIB,1972 Summer,103
506,470,24,LIB,1972 Summer,292
507,476,20,EGY,2000 Summer,278
508,477,30,EGY,1984 Summer,260
509,479,30,SYR,2000 Summer,23
510,481,22,EGY,1976 Summer,260
511,481,30,EGY,1984 Summer,260
512,485,21,IRQ,1988 Summer,74
513,486,20,MAR,2000 Summer,134
514,488,21,QAT,2004 Summer,39
515,488,25,QAT,2008 Summer,39
516,489,22,IRQ,1992 Summer,70
517,490,23,LBA,1988 Summer,39
518,491,22,ALG,1984 Summer,81
519,493,31,ALG,2012 Summer,24
520,501,33,EGY,2012 Summer,134
521,504,24,USA,1996 Summer,155
522,507,21,HUN,1988 Summer,86
523,507,21,HUN,1988 Summer,87
524,507,25,HUN,1992 Summer,87
525,509,17,GBR,1976 Summer,222
526,509,17,GBR,1976 Summer,230
527,509,21,GBR,1980 Summer,222
528,509,21,GBR,1980 Summer,223
529,509,21,GBR,1980 Summer,230
530,510,19,CHI,2016 Summer,187
531,511,33,SUI,2016 Summer,34
532,514,25,SWE,2000 Summer,290
533,514,29,SWE,2004 Summer,286
534,514,33,SWE,2008 Summer,286
535,516,29,RSA,2008 Summer,156
536,517,22,CRC,1984 Summer,15
537,517,22,CRC,1984 Summer,18
538,519,20,GBR,1920 Summer,15
539,519,20,GBR,1920 Summer,18
540,519,20,GBR,1920 Summer,20
541,519,20,GBR,1920 Summer,33
542,519,24,GBR,1924 Summer,15
543,519,24,GBR,1924 Summer,18
544,519,24,GBR,1924 Summer,20
545,523,19,NOR,1980 Winter,157
546,523,23,NOR,1984 Winter,157
547,525,24,USA,1972 Summer,154
548,525,28,USA,1976 Summer,154
549,527,22,SWE,1920 Summer,33
550,528,28,SWE,1960 Summer,123
551,528,28,SWE,1960 Summer,127
552,528,28,SWE,1960 Summer,128
553,528,33,SWE,1964 Summer,127
554,528,33,SWE,1964 Summer,128
555,530,24,SWE,1972 Winter,157
556,532,17,GEO,2006 Winter,3
557,532,17,GEO,2006 Winter,4
558,532,21,GEO,2010 Winter,3
559,532,21,GEO,2010 Winter,4
560,532,25,GEO,2014 Winter,3
561,532,25,GEO,2014 Winter,4
562,534,17,UKR,2006 Winter,136
563,534,21,UKR,2010 Winter,136
564,534,25,UKR,2014 Winter,136
565,535,22,BLR,2010 Winter,63
566,535,22,BLR,2010 Winter,64
567,535,22,BLR,2010 Winter,65
568,535,22,BLR,2010 Winter,66
569,535,26,BLR,2014 Winter,63
570,535,26,BLR,2014 Winter,67
571,535,26,BLR,2014 Winter,64
572,535,26,BLR,2014 Winter,65
573,535,26,BLR,2014 Winter,66
574,538,31,SLO,1996 Summer,90
575,539,23,GEO,1994 Winter,4
576,539,27,GEO,1998 Winter,4
577,540,24,URS,1960 Summer,73
578,541,24,RUS,2008 Summer,10
579,541,24,RUS,2008 Summer,11
580,542,30,URS,1964 Summer,34
581,543,25,RUS,2004 Summer,260
582,544,34,RUS,1994 Winter,157
583,545,23,URS,1980 Summer,24
584,546,21,URS,1988 Summer,243
585,546,21,URS,1988 Summer,239
586,547,24,URS,1964 Summer,261
587,548,23,RUS,2006 Winter,218
588,548,23,RUS,2006 Winter,219
589,548,23,RUS,2006 Winter,221
590,548,27,RUS,2010 Winter,219
591,549,29,CRO,2006 Winter,98
592,549,29,CRO,2006 Winter,94
593,550,27,RUS,2010 Winter,69
594,550,27,RUS,2010 Winter,68
595,551,19,GUY,2016 Summer,48
596,552,32,GUY,1988 Summer,107
597,554,31,GEO,2016 Summer,36
598,555,20,POR,1988 Summer,26
599,555,20,POR,1988 Summer,21
600,555,24,POR,1992 Summer,26
601,555,28,POR,1996 Summer,26
602,556,21,POR,2008 Summer,18
603,556,25,POR,2012 Summer,18
604,557,26,POR,1988 Summer,20
605,558,19,FRA,1996 Summer,226
606,560,22,SUI,2012 Summer,134
607,561,26,GER,1994 Winter,174
608,561,26,GER,1994 Winter,172
609,562,21,POL,1992 Winter,217
610,562,21,POL,1992 Winter,215
611,562,27,POL,1998 Winter,217
612,562,27,POL,1998 Winter,215
613,562,31,POL,2002 Winter,217
614,562,31,POL,2002 Winter,215
615,563,22,POR,2016 Summer,257
616,564,20,CUB,1976 Summer,281
617,565,26,BRA,2004 Summer,79
618,566,20,POR,1968 Summer,143
619,566,20,POR,1968 Summer,140
620,566,20,POR,1968 Summer,142
621,566,20,POR,1968 Summer,144
622,566,20,POR,1968 Summer,141
623,566,20,POR,1968 Summer,146
624,566,20,POR,1968 Summer,145
625,568,40,ANG,2008 Summer,62
626,569,18,BRA,1984 Summer,262
627,570,23,CUB,1980 Summer,60
628,571,24,VEN,1996 Summer,106
629,572,15,POR,1976 Summer,232
630,572,15,POR,1976 Summer,231
631,572,19,POR,1980 Summer,224
632,572,19,POR,1980 Summer,227
633,572,19,POR,1980 Summer,222
634,573,24,FRA,1988 Summer,288
635,574,34,COL,2012 Summer,55
636,574,38,COL,2016 Summer,55
637,575,22,COL,2012 Summer,110
638,578,21,DJI,2016 Summer,234
639,579,26,RUS,2016 Summer,259
640,580,20,RUS,2000 Summer,61
641,580,28,RUS,2008 Summer,61
642,582,22,URS,1980 Summer,287
643,583,23,FRA,2004 Summer,104
644,583,27,FRA,2008 Summer,104
645,583,31,FRA,2012 Summer,104
646,583,35,FRA,2016 Summer,104
647,584,21,ETH,2012 Summer,34
648,585,24,USA,1988 Summer,19
649,586,31,GER,2002 Winter,157
650,587,26,FRG,1988 Summer,49
651,587,26,FRG,1988 Summer,47
652,589,25,IRI,2008 Summer,12
653,590,27,BAN,2008 Summer,15
654,593,28,JOR,2012 Summer,34
655,593,32,JOR,2016 Summer,34
656,595,33,PLE,1996 Summer,14
657,596,28,PLE,2012 Summer,164
658,599,23,KAZ,1996 Summer,70
659,600,18,SUD,2004 Summer,22
660,600,22,SUD,2008 Summer,22
661,601,19,PLE,2004 Summer,51
662,602,22,CHN,2000 Summer,79
663,603,24,KEN,1988 Summer,264
664,606,21,PER,1964 Summer,31
665,606,25,PER,1968 Summer,31
666,608,20,JOR,2016 Summer,251
667,609,18,SOM,2004 Summer,42
668,611,23,PLE,2016 Summer,15
669,612,28,JOR,2012 Summer,251
670,613,22,KSA,2016 Summer,42
671,614,23,MEX,1996 Summer,134
672,615,25,KUW,1984 Summer,114
673,615,25,KUW,1984 Summer,113
674,616,27,JPN,2004 Summer,34
675,617,28,MEX,2004 Summer,159
676,618,21,URS,1976 Summer,127
677,618,21,URS,1976 Summer,128
678,618,25,URS,1980 Summer,127
679,618,25,URS,1980 Summer,128
680,619,20,URS,1980 Summer,279
681,620,25,KAZ,2008 Summer,70
682,620,29,KAZ,2012 Summer,70
683,622,19,JOR,1988 Summer,127
684,623,27,RUS,2008 Summer,259
685,623,31,RUS,2012 Summer,259
686,626,21,FRA,1972 Summer,83
687,626,25,FRA,1976 Summer,83
688,627,16,ROU,2008 Summer,151
689,627,16,ROU,2008 Summer,152
690,627,16,ROU,2008 Summer,149
691,627,16,ROU,2008 Summer,148
692,628,22,FRA,1972 Summer,30
693,628,26,FRA,1976 Summer,30
694,629,24,FRA,2012 Summer,154
695,633,24,SUI,1994 Winter,8
696,633,28,SUI,1998 Winter,8
697,634,20,SUI,1988 Winter,4
698,634,20,SUI,1988 Winter,1
699,634,24,SUI,1992 Winter,2
700,634,24,SUI,1992 Winter,5
701,634,24,SUI,1992 Winter,3
702,634,24,SUI,1992 Winter,4
703,634,24,SUI,1992 Winter,1
704,634,26,SUI,1994 Winter,5
705,634,26,SUI,1994 Winter,3
706,634,26,SUI,1994 Winter,4
707,634,26,SUI,1994 Winter,1
708,634,30,SUI,1998 Winter,5
709,634,30,SUI,1998 Winter,3
710,634,30,SUI,1998 Winter,4
711,634,30,SUI,1998 Winter,1
712,634,34,SUI,2002 Winter,5
713,634,34,SUI,2002 Winter,1
714,637,31,CUB,2000 Summer,183
715,641,23,CHI,1960 Summer,24
716,643,23,ITA,1972 Summer,16
717,644,22,URU,1988 Summer,42
718,644,22,URU,1988 Summer,44
719,646,21,PUR,1992 Summer,81
720,648,22,COL,1972 Summer,106
721,648,22,COL,1972 Summer,102
722,649,22,PER,1968 Summer,18
723,649,26,PER,1972 Summer,22
724,650,18,CAN,2016 Summer,222
725,650,18,CAN,2016 Summer,230
726,651,22,VEN,2008 Summer,18
727,652,21,COL,2016 Summer,191
728,653,23,COL,2016 Summer,191
729,654,19,MEX,1984 Summer,282
730,655,22,MEX,1984 Summer,280
731,656,21,GBR,1968 Summer,126
732,656,25,GBR,1972 Summer,126
733,658,23,BEL,2016 Summer,251
734,660,25,MEX,2016 Summer,244
735,661,28,PHI,1960 Summer,60
736,663,22,IND,2004 Summer,247
737,663,26,IND,2008 Summer,247
738,663,34,IND,2016 Summer,247
739,664,29,GBR,2012 Summer,60
740,666,28,GER,2000 Summer,251
741,668,23,GHA,2016 Summer,46
742,669,18,GHA,1992 Summer,134
743,670,24,SUI,1984 Summer,102
744,671,16,LIB,2010 Winter,3
745,671,16,LIB,2010 Winter,4
746,672,25,UGA,1984 Summer,34
747,673,29,MAR,1988 Summer,71
748,674,23,MAR,1988 Summer,70
749,674,27,MAR,1992 Summer,70
750,674,31,MAR,1996 Summer,71
751,679,23,ROU,2014 Winter,2
752,679,23,ROU,2014 Winter,1
753,680,25,URS,1964 Winter,100
754,680,30,URS,1968 Winter,100
755,680,30,URS,1968 Winter,99
756,681,24,UGA,2012 Summer,40
757,682,19,UGA,1996 Summer,13
758,682,23,UGA,2000 Summer,13
759,683,19,CAN,2012 Summer,61
760,683,23,CAN,2016 Summer,61
761,684,28,EGY,1984 Summer,36
762,684,32,EGY,1988 Summer,36
763,685,17,ALG,2012 Summer,261
764,686,20,TUN,1976 Summer,154
765,689,28,BEL,1956 Summer,127
766,689,28,BEL,1956 Summer,128
767,689,32,BEL,1960 Summer,127
768,689,32,BEL,1960 Summer,128
769,690,27,NED,2012 Summer,184
770,690,31,NED,2016 Summer,188
771,693,25,CIV,1964 Summer,78
772,695,24,BRA,1988 Summer,256
773,698,27,NZL,1976 Summer,156
774,701,24,GER,1996 Summer,33
775,702,20,GER,1998 Winter,174
776,702,20,GER,1998 Winter,172
777,702,24,GER,2002 Winter,174
778,702,24,GER,2002 Winter,172
779,702,24,GER,2002 Winter,173
780,702,28,GER,2006 Winter,174
781,702,28,GER,2006 Winter,172
782,702,28,GER,2006 Winter,173
783,705,22,SUI,1988 Winter,69
784,705,26,SUI,1992 Winter,69
785,705,26,SUI,1992 Winter,68
786,705,28,SUI,1994 Winter,69
787,705,28,SUI,1994 Winter,68
788,706,24,SUI,1994 Winter,69
789,706,28,SUI,1998 Winter,69
790,706,32,SUI,2002 Winter,68
791,707,24,SLO,2000 Summer,20
792,709,18,CUB,1972 Summer,48
793,709,18,CUB,1972 Summer,47
794,710,22,HON,2016 Summer,134
795,713,26,ARG,1968 Summer,121
796,713,26,ARG,1968 Summer,122
797,713,30,ARG,1972 Summer,121
798,713,30,ARG,1972 Summer,122
799,715,29,CHI,2016 Summer,264
800,716,20,ARG,2008 Summer,134
801,717,22,ECU,1984 Summer,26
802,718,20,MEX,1968 Summer,222
803,718,20,MEX,1968 Summer,225
804,719,27,MEX,2008 Summer,275
805,719,31,MEX,2012 Summer,275
806,721,24,VEN,2016 Summer,296
807,723,23,CUB,2008 Summer,73
808,724,20,VEN,1980 Summer,134
809,725,16,VEN,2008 Summer,261
810,726,25,ARG,2016 Summer,261
811,729,20,ITA,2008 Summer,134
812,730,29,GHA,1964 Summer,134
813,731,22,GHA,1968 Summer,134
814,731,26,GHA,1972 Summer,134
815,738,18,VEN,2008 Summer,227
816,738,22,VEN,2012 Summer,229
817,739,24,URU,1972 Summer,72
818,742,25,ARG,2016 Summer,60
819,743,23,TKM,2016 Summer,79
820,745,23,POL,1980 Summer,78
821,746,19,JPN,1932 Winter,213
822,746,23,JPN,1936 Winter,213
823,747,22,JPN,1936 Summer,35
824,748,29,JPN,2012 Summer,259
825,749,25,JPN,2004 Summer,91
826,750,21,JPN,2016 Summer,262
827,751,26,JPN,1992 Summer,279
828,753,28,JPN,2014 Winter,158
829,754,21,NZL,1984 Summer,101
830,754,21,NZL,1984 Summer,108
831,755,23,TUR,2000 Summer,192
832,755,27,TUR,2004 Summer,192
833,756,25,BRA,2004 Summer,154
834,759,20,SUD,2008 Summer,234
835,760,20,ROU,2016 Summer,179
836,761,22,MRI,2008 Summer,224
837,763,23,MEX,1988 Summer,20
838,764,27,CMR,2012 Summer,15
839,766,25,TCH,1976 Summer,169
840,766,25,TCH,1976 Summer,170
841,766,29,TCH,1980 Summer,128
842,768,27,SEY,1992 Summer,22
843,769,23,GER,2016 Summer,258
844,770,24,GBR,1992 Summer,15
845,770,24,GBR,1992 Summer,18
846,770,24,GBR,1992 Summer,20
847,770,33,GBR,2002 Winter,69
848,771,20,GDR,1972 Summer,57
849,771,24,GDR,1976 Summer,57
850,773,19,EGY,1988 Summer,169
851,773,19,EGY,1988 Summer,170
852,773,23,EGY,1992 Summer,169
853,773,23,EGY,1992 Summer,170
854,779,30,KEN,1984 Summer,201
855,779,35,KEN,1988 Summer,199
856,779,35,KEN,1988 Summer,201
857,779,38,KEN,1992 Summer,199
858,779,38,KEN,1992 Summer,201
859,780,18,GER,2004 Summer,113
860,781,30,SUD,1996 Summer,34
861,782,32,MTN,1988 Summer,286
862,782,32,MTN,1988 Summer,285
863,783,31,POL,1924 Summer,35
864,784,30,FRG,1988 Summer,194
865,785,22,POL,1992 Summer,134
866,786,21,POL,1972 Summer,165
867,786,25,POL,1976 Summer,165
868,787,26,POL,1948 Summer,33
869,787,26,POL,1948 Summer,27
870,788,29,TCH,1988 Summer,207
871,788,33,TCH,1992 Summer,207
872,789,20,TCH,1980 Summer,227
873,789,20,TCH,1980 Summer,232
874,789,20,TCH,1980 Summer,231
875,790,18,MEX,1960 Summer,116
876,790,18,MEX,1960 Summer,115
877,794,21,POL,1984 Winter,157
878,794,25,POL,1988 Winter,157
879,794,29,POL,1992 Winter,157
880,795,26,POL,2008 Summer,161
881,795,30,POL,2012 Summer,164
882,797,23,HUN,1952 Summer,22
883,797,23,HUN,1952 Summer,21
884,798,23,IRI,1972 Summer,127
885,799,14,NIG,2012 Summer,243
886,800,25,BUL,1964 Summer,143
887,800,25,BUL,1964 Summer,147
888,800,25,BUL,1964 Summer,140
889,800,25,BUL,1964 Summer,142
890,800,25,BUL,1964 Summer,144
891,800,25,BUL,1964 Summer,141
892,800,25,BUL,1964 Summer,146
893,800,25,BUL,1964 Summer,145
894,800,29,BUL,1968 Summer,143
895,800,29,BUL,1968 Summer,147
896,800,29,BUL,1968 Summer,140
897,800,29,BUL,1968 Summer,142
898,800,29,BUL,1968 Summer,144
899,800,29,BUL,1968 Summer,141
900,800,29,BUL,1968 Summer,146
901,800,29,BUL,1968 Summer,145
902,801,29,USA,1972 Summer,129
903,802,26,POL,1928 Winter,157
904,804,23,SKN,2012 Summer,15
905,804,23,SKN,2012 Summer,18
906,804,23,SKN,2012 Summer,20
907,804,27,SKN,2016 Summer,15
908,804,27,SKN,2016 Summer,18
909,804,27,SKN,2016 Summer,20
910,809,27,GBR,1976 Summer,17
911,812,30,RSA,2000 Summer,256
912,821,22,CAN,1972 Summer,270
913,823,29,AUS,2016 Summer,34
914,824,27,AUS,2004 Summer,17
915,824,31,AUS,2008 Summer,17
916,824,31,AUS,2008 Summer,25
917,824,35,AUS,2012 Summer,25
918,826,23,RUS,2012 Summer,39
919,827,26,GER,2016 Summer,186
920,828,38,AUS,1976 Summer,12
921,830,21,GBR,1980 Summer,164
922,830,25,GBR,1984 Summer,162
923,830,29,GBR,1988 Summer,162
924,832,29,GBR,2012 Summer,82
925,832,33,GBR,2016 Summer,82
926,833,25,CUB,1992 Summer,43
927,834,24,AUS,2016 Summer,204
928,836,23,USA,1908 Summer,37
929,836,23,USA,1908 Summer,38
930,836,23,USA,1908 Summer,39
931,836,23,USA,1908 Summer,28
932,836,23,USA,1908 Summer,29
933,836,27,USA,1912 Summer,31
934,836,27,USA,1912 Summer,37
935,836,27,USA,1912 Summer,38
936,836,27,USA,1912 Summer,39
937,837,26,USA,2016 Summer,261
938,838,20,CAN,1928 Summer,15
939,838,20,CAN,1928 Summer,18
940,838,20,CAN,1928 Summer,20
941,841,23,FRG,1968 Summer,26
942,841,27,FRG,1972 Summer,26
943,847,22,NOR,2004 Summer,181
944,848,20,POL,1952 Summer,156
945,849,25,GER,2008 Summer,179
946,849,29,GER,2012 Summer,176
947,851,23,POL,1960 Summer,71
948,853,22,SWE,1980 Summer,106
949,853,22,SWE,1980 Summer,102
950,854,26,JAM,1984 Summer,34
951,854,30,JAM,1988 Summer,34
952,856,25,SWE,1960 Summer,106
953,856,25,SWE,1960 Summer,102
954,858,23,GHA,2000 Summer,75
955,860,23,POL,1980 Summer,32
956,861,25,ESP,1992 Summer,14
957,862,23,PHI,1988 Summer,49
958,863,20,SOM,1988 Summer,24
959,863,28,SOM,1996 Summer,24
960,864,24,TUR,2016 Summer,295
961,871,21,ALG,1980 Summer,162
962,873,28,ALG,2000 Summer,222
963,873,28,ALG,2000 Summer,223
964,876,37,FRA,2008 Summer,121
965,876,37,FRA,2008 Summer,122
966,877,22,FRA,1992 Summer,196
967,878,28,FRA,1960 Summer,14
968,879,23,RSA,1992 Summer,90
969,880,21,GBR,1960 Summer,79
970,882,17,GHA,1992 Summer,134
971,882,21,GHA,1996 Summer,134
972,887,20,GHA,1960 Summer,21
973,887,24,GHA,1964 Summer,22
974,887,24,GHA,1964 Summer,21
975,887,28,GHA,1968 Summer,18
976,887,28,GHA,1968 Summer,20
977,887,32,GHA,1972 Summer,18
978,887,32,GHA,1972 Summer,20
979,888,23,LBR,2008 Summer,27
980,888,27,LBR,2012 Summer,27
981,889,20,GHA,1984 Summer,48
982,889,20,GHA,1984 Summer,47
983,889,24,GHA,1988 Summer,46
984,889,32,GHA,1996 Summer,48
985,892,19,GDR,1988 Winter,217
986,892,19,GDR,1988 Winter,215
987,892,19,GDR,1988 Winter,216
988,892,23,GER,1992 Winter,217
989,892,23,GER,1992 Winter,215
990,892,23,GER,1992 Winter,216
991,892,25,GER,1994 Winter,217
992,892,25,GER,1994 Winter,215
993,892,25,GER,1994 Winter,216
994,892,29,GER,1998 Winter,217
995,892,29,GER,1998 Winter,215
996,892,29,GER,1998 Winter,216
997,894,29,KEN,2016 Summer,269
998,896,22,NGR,2008 Summer,134
999,897,27,NGR,1984 Summer,20
1000,901,26,NGR,1988 Summer,284
1001,901,30,NGR,1992 Summer,284
1002,902,22,NGR,2016 Summer,294
1003,903,17,SUR,1996 Summer,237
1004,903,17,SUR,1996 Summer,241
1005,903,17,SUR,1996 Summer,238
1006,903,17,SUR,1996 Summer,242
1007,903,22,SUR,2000 Summer,238
1008,903,22,SUR,2000 Summer,242
1009,906,33,NED,1980 Summer,163
1010,906,33,NED,1980 Summer,166
1011,907,38,JOR,1984 Summer,210
1012,909,22,FRA,1928 Summer,23
1013,909,26,FRA,1932 Summer,23
1014,911,17,FRA,2014 Winter,138
1015,912,19,ITA,2008 Summer,244
1016,915,18,ERI,2012 Summer,24
1017,915,22,ERI,2016 Summer,24
1018,916,28,KEN,2016 Summer,190
1019,917,24,NED,1984 Summer,180
1020,918,24,BRA,1984 Summer,134
1021,918,28,BRA,1988 Summer,134
1022,919,21,DJI,1988 Summer,13
1023,920,23,SOM,1996 Summer,26
1024,920,27,SOM,2000 Summer,13
1025,921,23,SOM,1972 Summer,34
1026,922,21,SOM,1984 Summer,26
1027,922,21,SOM,1984 Summer,13
1028,922,26,SOM,1988 Summer,13
1029,923,19,NGR,1988 Summer,15
1030,923,19,NGR,1988 Summer,18
1031,923,19,NGR,1988 Summer,20
1032,923,22,NGR,1992 Summer,15
1033,923,22,NGR,1992 Summer,18
1034,923,22,NGR,1992 Summer,20
1035,923,26,NGR,1996 Summer,15
1036,924,23,NGR,2016 Summer,297
1037,925,25,BRA,2012 Summer,261
1038,925,29,BRA,2016 Summer,261
1039,926,24,CMR,1968 Summer,24
1040,926,28,CMR,1972 Summer,24
1041,926,28,CMR,1972 Summer,19
1042,927,27,GBR,2012 Summer,44
1043,928,31,POL,1924 Summer,126
1044,929,22,ETH,1996 Summer,41
1045,929,27,ETH,2000 Summer,41
1046,929,35,ETH,2008 Summer,55
1047,934,22,NGR,1980 Summer,76
1048,936,24,NGR,1984 Summer,20
1049,936,28,NGR,1988 Summer,15
1050,936,28,NGR,1988 Summer,18
1051,936,28,NGR,1988 Summer,20
1052,938,22,USA,1976 Winter,3
1053,938,22,USA,1976 Winter,4
1054,938,26,USA,1980 Winter,3
1055,939,31,NEP,2008 Summer,268
1056,941,20,UGA,1972 Summer,156
1057,942,25,NGR,2012 Summer,43
1058,943,23,ARM,2008 Summer,293
1059,944,16,EGY,2016 Summer,171
1060,945,17,SUD,1960 Summer,270
1061,946,21,LBA,1996 Summer,34
1062,946,26,LBA,2000 Summer,34
1063,947,20,BRA,1972 Summer,60
1064,947,28,BRA,1980 Summer,60
1065,947,32,BRA,1984 Summer,60
1066,948,21,NGR,1980 Summer,15
1067,948,21,NGR,1980 Summer,18
1068,948,21,NGR,1980 Summer,20
1069,951,22,UGA,1984 Summer,51
1070,953,23,FRA,1992 Summer,85
1071,953,26,FRA,1996 Summer,85
1072,953,31,FRA,2000 Summer,85
1073,954,23,MGL,2016 Summer,168
1074,959,28,CMR,2012 Summer,75
1075,963,26,USA,1996 Summer,23
1076,965,20,BRA,1984 Summer,195
1077,965,24,BRA,1988 Summer,195
1078,965,28,BRA,1992 Summer,195
1079,966,26,BRA,1984 Summer,194
1080,966,30,BRA,1988 Summer,194
1081,966,34,BRA,1992 Summer,194
1082,967,23,GER,1960 Summer,106
1083,967,23,GER,1960 Summer,102
1084,970,18,SWE,1960 Summer,151
1085,970,18,SWE,1960 Summer,152
1086,970,18,SWE,1960 Summer,149
1087,970,18,SWE,1960 Summer,150
1088,970,18,SWE,1960 Summer,153
1089,970,18,SWE,1960 Summer,148
1090,971,20,GER,1964 Summer,169
1091,971,20,GER,1964 Summer,170
1092,979,41,CAN,1976 Summer,209
1093,979,41,CAN,1976 Summer,208
1094,981,22,FRG,1988 Summer,197
1095,981,29,GER,1996 Summer,197
1096,984,21,GBR,1980 Summer,236
1097,985,25,ETH,1960 Summer,106
1098,987,25,SYR,1996 Summer,75
1099,989,20,UGA,1960 Summer,22
1100,989,20,UGA,1960 Summer,20
1101,991,24,PLW,2000 Summer,15
1102,993,20,SUI,1964 Winter,6
1103,993,20,SUI,1964 Winter,7
1104,996,21,SWE,1928 Summer,31
1105,997,22,SWE,1988 Summer,162
1106,997,26,SWE,1992 Summer,162
1107,998,23,SWE,1980 Winter,63
1108,998,23,SWE,1980 Winter,65
1109,998,23,SWE,1980 Winter,66
1110,998,27,SWE,1984 Winter,63
1111,998,27,SWE,1984 Winter,65
1112,998,27,SWE,1984 Winter,66
1113,999,25,SWE,1976 Winter,65
1114,999,25,SWE,1976 Winter,66
1115,1000,26,LTU,2000 Summer,60
1116,1001,19,LTU,2004 Summer,280
1117,1002,20,GHA,2000 Summer,21
1118,1003,16,SWE,1980 Summer,151
1119,1003,16,SWE,1980 Summer,149
1120,1003,16,SWE,1980 Summer,150
1121,1003,16,SWE,1980 Summer,153
1122,1003,16,SWE,1980 Summer,148
1123,1003,20,SWE,1984 Summer,151
1124,1003,20,SWE,1984 Summer,149
1125,1003,20,SWE,1984 Summer,150
1126,1003,20,SWE,1984 Summer,153
1127,1003,20,SWE,1984 Summer,148
1128,1004,22,LTU,2016 Summer,183
1129,1005,31,RSA,2000 Summer,59
1130,1008,34,HUN,1972 Summer,154
1131,1009,21,PHI,1972 Summer,60
1132,1011,23,PUR,1996 Summer,72
1133,1012,23,PUR,1964 Summer,60
1134,1012,27,PUR,1968 Summer,60
1135,1013,22,BEN,1980 Summer,71
1136,1014,28,TOG,1972 Summer,33
1137,1018,22,NAM,2016 Summer,111
1138,1020,21,BRA,1992 Summer,61
1139,1020,25,BRA,1996 Summer,61
1140,1020,29,BRA,2000 Summer,61
1141,1022,29,NED,2000 Summer,59
1142,1022,33,NED,2004 Summer,59
1143,1022,37,NED,2008 Summer,59
1144,1024,23,BRA,1996 Summer,57
1145,1024,32,BRA,2004 Summer,57
1146,1024,32,BRA,2004 Summer,52
1147,1024,36,BRA,2008 Summer,52
1148,1025,30,HUN,1996 Summer,87
1149,1026,21,ESP,1968 Winter,4
1150,1030,24,CAN,2000 Summer,42
1151,1030,24,CAN,2000 Summer,46
1152,1031,24,MGL,1980 Summer,290
1153,1032,20,UKR,2004 Summer,231
1154,1032,20,UKR,2004 Summer,226
1155,1032,24,UKR,2008 Summer,227
1156,1032,24,UKR,2008 Summer,226
1157,1033,27,MGL,1980 Summer,265
1158,1034,20,KAZ,2002 Winter,158
1159,1035,25,KGZ,2016 Summer,75
1160,1036,26,KAZ,2008 Summer,155
1161,1037,23,UKR,1996 Summer,288
1162,1037,27,UKR,2000 Summer,293
1163,1038,28,ISL,1984 Summer,154
1164,1040,30,SUI,2002 Winter,68
1165,1044,24,SUI,2002 Winter,157
1166,1044,28,SUI,2006 Winter,157
1167,1045,27,SUI,2006 Winter,68
1168,1046,24,GER,1964 Summer,176
1169,1048,24,AUT,1972 Summer,160
1170,1050,24,SUI,1976 Summer,106
1171,1052,19,BEL,2012 Summer,234
1172,1052,19,BEL,2012 Summer,229
1173,1052,23,BEL,2016 Summer,234
1174,1052,23,BEL,2016 Summer,229
1175,1053,20,SUI,2014 Winter,4
1176,1055,37,BEL,2014 Winter,139
1177,1056,33,BEL,2008 Summer,106
1178,1057,28,BEL,2012 Summer,53
1179,1058,22,SUI,1992 Summer,105
1180,1059,21,FRA,1992 Summer,245
1181,1059,21,FRA,1992 Summer,244
1182,1059,25,FRA,1996 Summer,246
1183,1060,31,SUI,1972 Summer,118
1184,1060,31,SUI,1972 Summer,119
1185,1063,25,SUI,1972 Winter,157
1186,1067,25,IRI,2008 Summer,60
1187,1069,30,RUS,1996 Summer,27
1188,1070,23,URS,1968 Summer,194
1189,1071,16,RUS,2008 Summer,151
1190,1071,16,RUS,2008 Summer,152
1191,1071,16,RUS,2008 Summer,149
1192,1071,16,RUS,2008 Summer,153
1193,1071,16,RUS,2008 Summer,148
1194,1071,20,RUS,2012 Summer,152
1195,1071,20,RUS,2012 Summer,149
1196,1071,20,RUS,2012 Summer,148
1197,1073,26,MAR,1984 Summer,106
1198,1074,19,MAS,2012 Summer,192
1199,1074,23,MAS,2016 Summer,192
1200,1075,20,ETH,2004 Summer,70
1201,1078,21,SUI,2012 Summer,134
1202,1079,26,SUI,1980 Summer,154
1203,1080,18,IRI,1988 Summer,289
1204,1081,18,TOG,2014 Winter,7
1205,1081,18,TOG,2014 Winter,8
1206,1082,28,EGY,2016 Summer,260
1207,1084,19,EGY,2000 Summer,254
1208,1085,22,RUS,2002 Winter,157
1209,1085,26,RUS,2006 Winter,157
1210,1085,30,RUS,2010 Winter,157
1211,1086,27,IRI,2000 Summer,253
1212,1087,17,SAM,2016 Summer,235
1213,1089,24,URS,1972 Summer,24
1214,1091,21,POR,1996 Summer,134
1215,1092,25,ANG,2016 Summer,193
1216,1093,25,RUS,2016 Summer,118
1217,1095,28,RSA,2016 Summer,190
1218,1096,20,GHA,1972 Summer,42
1219,1096,20,GHA,1972 Summer,44
1220,1097,19,GRE,1996 Summer,262
1221,1097,23,GRE,2000 Summer,262
1222,1097,27,GRE,2004 Summer,262
1223,1097,31,GRE,2008 Summer,262
1224,1097,35,GRE,2012 Summer,262
1225,1098,20,GRE,2004 Summer,262
1226,1098,24,GRE,2008 Summer,262
1227,1098,28,GRE,2012 Summer,262
1228,1098,32,GRE,2016 Summer,262
1229,1099,37,IRI,1992 Summer,103
1230,1099,37,IRI,1992 Summer,108
1231,1102,25,PAK,1964 Summer,292
1232,1103,21,PAK,1988 Summer,15
1233,1103,21,PAK,1988 Summer,18
1234,1103,21,PAK,1988 Summer,21
1235,1104,25,PAK,1964 Summer,156
